"OrganisationId","Active","AdditionalSearch","Alias","DataStatus","Endpoints","EndpointTemplates","HealthcareServices","IsSupplierOnly","LastUpdated","Name","ODSCode","SearchField"
"85d244dd-2cef-49d4-b6a4-c741849bb13c","false","""pharm+: jai chemist - high street, kings lynn 2000036565""","JAI CHEMIST","0","[]","[]","[]","false","2025-07-24T13:07:42.842Z","JAI CHEMIST","FLG23","""jai chemist flg23 jai chemist pharm+: jai chemist - high street, kings lynn 2000036565"""
"8cdfca54-0577-47d2-aff9-82a01d188fce","false","""pharm+: evans pharmacy - ilkeston, derbyshire 2000082168""","EVANS PHARMACY","0","[]","[]","[]","false","2025-07-24T13:07:42.841Z","EVANS PHARMACY","FVF48","""evans pharmacy fvf48 evans pharmacy pharm+: evans pharmacy - ilkeston, derbyshire 2000082168"""
"f9756f57-0bd6-4f86-93ee-f2083ee4008b","false","""pharm+: bassett, 19 burgess road, bassett, southampton 2000040618""","BASSETT PHARMACY","0","[]","[]","[]","false","2025-07-24T13:07:42.837Z","BASSETT PHARMACY","FA585","""bassett pharmacy fa585 bassett pharmacy pharm+: bassett, 19 burgess road, bassett, southampton 2000040618"""
"62a15e83-6b14-42a8-88be-32fcbcc9a7a9","false","""pharm+: mottingham pharmacy, greenwich, london 2000022008""","MOTTINGHAM PHARMACY (JARMAN & DIXON)","0","[]","[]","[]","false","2025-07-24T13:07:42.844Z","MOTTINGHAM PHARMACY (JARMAN & DIXON)","FC313","""mottingham pharmacy (jarman & dixon) fc313 mottingham pharmacy (jarman & dixon) pharm+: mottingham pharmacy, greenwich, london 2000022008"""
"457aba40-7754-40e2-9113-af1f020abc51","false","""pharm+: cohens chemist (mowbray square, harrogate) 2000033321""","COHENS CHEMIST","0","[]","[]","[]","false","2025-07-24T13:07:42.840Z","COHENS CHEMIST","FCF87","""cohens chemist fcf87 cohens chemist pharm+: cohens chemist (mowbray square, harrogate) 2000033321"""
"7c4768c0-223c-425f-bc69-a4dd456c7e71","false","""pharm+: boots pharmacy (claremont crescent, whitley bay) 2000018531""","BOOTS","0","[]","[]","[]","false","2025-07-24T13:07:42.838Z","BOOTS","FTJ64","""boots ftj64 boots pharm+: boots pharmacy (claremont crescent, whitley bay) 2000018531"""
"2cf2732f-a24f-4bde-9118-a0dc797850c4","false","""pharm+: challis pharmacy, 35 masefield rd, braintree, essex 2000036186""","CHALLIS PHARMACY","0","[]","[]","[]","false","2025-07-24T13:07:42.836Z","CHALLIS PHARMACY","FPM74","""challis pharmacy fpm74 challis pharmacy pharm+: challis pharmacy, 35 masefield rd, braintree, essex 2000036186"""
"fb354bc4-30f6-4ded-b158-e49bb1548532","false","pharm+: surrey - kamsons pharmacy - godalming 2000075464","KAMSONS PHARMACY","0","[]","[]","[]","false","2025-07-24T13:07:42.846Z","KAMSONS PHARMACY","FHA49","kamsons pharmacy fha49 kamsons pharmacy pharm+: surrey - kamsons pharmacy - godalming 2000075464"
"76cd6930-961a-4026-a8c5-26593285dcfa","false","""pharm+: eastcote pharmacy, hillingdon, london 2000023673""","EASTCOTE PHARMACY","0","[]","[]","[]","false","2025-07-24T13:07:42.841Z","EASTCOTE PHARMACY","FPM24","""eastcote pharmacy fpm24 eastcote pharmacy pharm+: eastcote pharmacy, hillingdon, london 2000023673"""
"b7c9721f-5608-4c08-afcf-018f3849af46","false","""pharm+: osbon pharmacy, lewisham, london 2000020957""","OSBON PHARMACY","0","[]","[]","[]","false","2025-07-24T13:07:42.844Z","OSBON PHARMACY","FET97","""osbon pharmacy fet97 osbon pharmacy pharm+: osbon pharmacy, lewisham, london 2000020957"""
"da7a5dc1-733a-42a1-a94b-12d28da2597d","false","pharm+: holdenhurst services ltd 2000162125","LANSDOWNE PHARMACY","0","[]","[]","[]","false","2025-07-24T13:07:42.858Z","LANSDOWNE PHARMACY","FRN27","lansdowne pharmacy frn27 lansdowne pharmacy pharm+: holdenhurst services ltd 2000162125"
"742e1f47-a4ea-49f9-841d-e25e15790fc5","false","""pharm+: keiths pharmacy (cottingham road, hull) 2000033833""","KEITH'S PHARMACY LIMITED","0","[]","[]","[]","false","2025-07-24T13:07:42.836Z","KEITH'S PHARMACY LIMITED","FM908","""keith's pharmacy limited fm908 keith's pharmacy limited pharm+: keiths pharmacy (cottingham road, hull) 2000033833"""
"1bcce208-1dc6-40b4-a568-8b1037d56d44","false","""pharm+: day lewis, strawberry hill road, newbury, berkshire 2000037193""","DAY LEWIS PHARMACY","0","[]","[]","[]","false","2025-07-24T13:07:42.841Z","DAY LEWIS PHARMACY","FWX13","""day lewis pharmacy fwx13 day lewis pharmacy pharm+: day lewis, strawberry hill road, newbury, berkshire 2000037193"""
"2d112530-967c-46f2-8cc9-f9685268bd15","false","""pharm+: morrisons pharmacy (teesside retail park, thornaby) 2000018887""","MORRISONS PHARMACY","0","[]","[]","[]","false","2025-07-24T13:07:42.844Z","MORRISONS PHARMACY","FQJ63","""morrisons pharmacy fqj63 morrisons pharmacy pharm+: morrisons pharmacy (teesside retail park, thornaby) 2000018887"""
"1e1cf83d-7107-43eb-89a5-0e62fd282f93","false","""pharm+: boots pharmacy, upton upon severn, worcestershire 2000031962""","BOOTS","0","[]","[]","[]","false","2025-07-24T13:07:42.839Z","BOOTS","FQA38","""boots fqa38 boots pharm+: boots pharmacy, upton upon severn, worcestershire 2000031962"""
"166a0715-f221-424c-bfdc-958536ef48ee","false","""pharm+: cohans chemist (cemetery road, barnsley) 2000106958""","COHENS CHEMIST","0","[]","[]","[]","false","2025-07-24T13:07:42.840Z","COHENS CHEMIST","FJE97","""cohens chemist fje97 cohens chemist pharm+: cohans chemist (cemetery road, barnsley) 2000106958"""
"1685cdd5-dce2-45a7-9f47-ffbdcb7851bc","false","pharm+: well pharmacy - croxteth hall lane - croxteth 2000027606","WELL","0","[]","[]","[]","false","2025-07-24T13:07:42.857Z","WELL","FPY11","well fpy11 well pharm+: well pharmacy - croxteth hall lane - croxteth 2000027606"
"55c18a66-1f74-43b0-b71f-8ffe71c69638","false","""pharm+: boots the mall stratford, newham, london 2000021316""","BOOTS","0","[]","[]","[]","false","2025-07-24T13:07:42.839Z","BOOTS","FJE68","""boots fje68 boots pharm+: boots the mall stratford, newham, london 2000021316"""
"d9558424-5d9f-4337-a4e9-47580085b17d","false","pharm+: boots (orbital shopping centre) - swindon 2000031265","","0","[]","[]","[]","false","2026-05-27T09:23:16.479Z","BOOTS","FMQ83","boots fmq83  pharm+: boots (orbital shopping centre) - swindon 2000031265"
"2802182b-c457-4bf6-b175-7198b9336c93","false","""pharm+: cohens chemist - brinnington, stockport 2000027497""","COHENS CHEMIST","0","[]","[]","[]","false","2025-07-24T13:07:42.840Z","COHENS CHEMIST","FGX74","""cohens chemist fgx74 cohens chemist pharm+: cohens chemist - brinnington, stockport 2000027497"""
"e4794e2b-157c-499f-8457-15f502904fbe","false","""pharm+: edlesborough, cow lane, edlesborough 2000036469""","EDLESBOROUGH PHARMACY","0","[]","[]","[]","false","2025-07-24T13:07:42.841Z","EDLESBOROUGH PHARMACY","FNF16","""edlesborough pharmacy fnf16 edlesborough pharmacy pharm+: edlesborough, cow lane, edlesborough 2000036469"""
"e9500821-0f6b-4f0d-8b70-f36218606a08","false","""pharm+: boots, whiteley shopping centre, fareham 2000040284""","BOOTS","0","[]","[]","[]","false","2025-07-24T13:07:42.839Z","BOOTS","FL096","""boots fl096 boots pharm+: boots, whiteley shopping centre, fareham 2000040284"""
"095cb302-dd6c-4d19-987c-a2ad636d27ea","false","""pharm+: boots (clapham), lambeth, london 2000022777""","BOOTS","0","[]","[]","[]","false","2025-07-24T13:07:42.838Z","BOOTS","FKG40","""boots fkg40 boots pharm+: boots (clapham), lambeth, london 2000022777"""
"50caa707-d24c-4d35-8cd5-08f026502308","false","pharm+: shieldfield pharmacy 2000017866","SHIELDFIELD PHARMACY","0","[]","[]","[]","false","2025-07-24T13:07:42.858Z","SHIELDFIELD PHARMACY","FVH30","shieldfield pharmacy fvh30 shieldfield pharmacy pharm+: shieldfield pharmacy 2000017866"
"66bf6fe2-ac58-4483-a7c3-3b3eae5b6b12","false","""pharm+: stratwick chemist, warwick 2000030333""","STRATWICKS LTD PHARMACY","0","[]","[]","[]","false","2025-07-24T13:07:42.846Z","STRATWICKS LTD PHARMACY","FP422","""stratwicks ltd pharmacy fp422 stratwicks ltd pharmacy pharm+: stratwick chemist, warwick 2000030333"""
"c1fba33a-34c4-42e2-a01f-fffaad2fa614","false","""pharm+: boots, great bridge retail park, west bromwich 2000031149""","BOOTS","0","[]","[]","[]","false","2025-07-24T13:07:42.838Z","BOOTS","FJF84","""boots fjf84 boots pharm+: boots, great bridge retail park, west bromwich 2000031149"""
"cce4da7e-3c13-4e2b-83cc-6abd3fbb195c","false","""pharm+: quantock pharmacy, swain street, watchet 2000029261""","QUANTOCK PHARMACY","0","[]","[]","[]","false","2025-07-24T13:07:42.836Z","QUANTOCK PHARMACY","FF074","""quantock pharmacy ff074 quantock pharmacy pharm+: quantock pharmacy, swain street, watchet 2000029261"""
"023e25da-483c-4938-8f03-32cf5ba2b7c5","false","""pharm+: masters pharmacy, greenwich, london 2000022082""","MASTERS PHARMACY","0","[]","[]","[]","false","2025-07-24T13:07:42.844Z","MASTERS PHARMACY","FQR61","""masters pharmacy fqr61 masters pharmacy pharm+: masters pharmacy, greenwich, london 2000022082"""
"86e2a78e-5167-4c5f-a449-a9ea731ffed1","false","pharm+: cornwells chemists - newcastle under lyme 2000030448","CORNWELL'S CHEMISTS","0","[]","[]","[]","false","2025-07-24T13:07:42.840Z","CORNWELL'S CHEMISTS","FCP54","cornwell's chemists fcp54 cornwell's chemists pharm+: cornwells chemists - newcastle under lyme 2000030448"
"8026fc8c-b968-4da0-a5ff-78eb7f1d1bc5","false","pharm+: shaunaks pharmacy (high st hanham) - south gloucestershire 2000029790","SHAUNAK'S PHARMACY","0","[]","[]","[]","false","2025-07-24T13:07:42.836Z","SHAUNAK'S PHARMACY","FDA63","shaunak's pharmacy fda63 shaunak's pharmacy pharm+: shaunaks pharmacy (high st hanham) - south gloucestershire 2000029790"
"45b78f9f-9f92-487b-a8c0-8be4bb5615a5","false","pharm+: boots 16 18 potter street bishops stortford hertfordshire 2000033123","BOOTS","0","[]","[]","[]","false","2025-07-24T13:07:42.838Z","BOOTS","FRV59","boots frv59 boots pharm+: boots 16 18 potter street bishops stortford hertfordshire 2000033123"
"e6a96242-f6a2-4584-896c-e97d259ddbd6","false","""pharm+: manor pharmacy - chapel street, salford 2000026929""","MANOR PHARMACY","0","[]","[]","[]","false","2025-07-24T13:07:42.843Z","MANOR PHARMACY","FVR47","""manor pharmacy fvr47 manor pharmacy pharm+: manor pharmacy - chapel street, salford 2000026929"""
"d432edf3-0340-4b1c-8595-6a424e75c2a1","false","""pharm+: asda pharmacy (market street, sheffield) 2000034032""","ASDA PHARMACY","0","[]","[]","[]","false","2025-07-24T13:07:42.837Z","ASDA PHARMACY","FRM95","""asda pharmacy frm95 asda pharmacy pharm+: asda pharmacy (market street, sheffield) 2000034032"""
"46c41eb9-c4d3-4a5f-9d2a-4974b4e06560","false","pharm+: copperhouse pharmacy (hayle) - kernow 2000156979","COPPERHOUSE PHARMACY","0","[]","[]","[]","false","2025-07-24T13:07:42.858Z","COPPERHOUSE PHARMACY","FDT13","copperhouse pharmacy fdt13 copperhouse pharmacy pharm+: copperhouse pharmacy (hayle) - kernow 2000156979"
"36027af8-2eb5-402d-9529-972815c093f0","false","pharm+: roan healthcare ltd t/a the medicine box loughborough university 2000019815","THE MEDICINE BOX","0","[]","[]","[]","false","2025-07-24T13:07:42.845Z","THE MEDICINE BOX","FL473","the medicine box fl473 the medicine box pharm+: roan healthcare ltd t/a the medicine box loughborough university 2000019815"
"a50702ad-6570-4e23-b059-4b9806ac64db","false","pharm+: pharmacyhaus - gatley - cheshire 2000057279","PHARMACYHAUS.COM","0","[]","[]","[]","false","2025-07-24T13:07:42.845Z","PHARMACYHAUS.COM","FWN20","pharmacyhaus.com fwn20 pharmacyhaus.com pharm+: pharmacyhaus - gatley - cheshire 2000057279"
"2d8aae95-c6f5-49dd-8577-1e6e456dc777","false","""pharm+: clinichem pharmacy, central london 2000022432""","CLINICHEM PHARMACY","0","[]","[]","[]","false","2025-07-24T13:07:42.840Z","CLINICHEM PHARMACY","FYR46","""clinichem pharmacy fyr46 clinichem pharmacy pharm+: clinichem pharmacy, central london 2000022432"""
"5382826b-4918-4e27-9423-d11aaeac5d8e","false","""pharm+: day lewis, hurricane way, woodley, reading, berkshire 2000037603""","DAY LEWIS PHARMACY","0","[]","[]","[]","false","2025-07-24T13:07:42.841Z","DAY LEWIS PHARMACY","FPA84","""day lewis pharmacy fpa84 day lewis pharmacy pharm+: day lewis, hurricane way, woodley, reading, berkshire 2000037603"""
"3ecf9ac0-bdda-4cb0-b219-6020f2878951","false","pharm+: vckp limited t/a hurst green pharmacy 2000039314","HURST GREEN PHARMACY","0","[]","[]","[]","false","2025-07-24T13:07:42.836Z","HURST GREEN PHARMACY","FM583","hurst green pharmacy fm583 hurst green pharmacy pharm+: vckp limited t/a hurst green pharmacy 2000039314"
"cb35eafe-0abf-4de6-8ff0-376d9494fee2","false","pharm+: rowlands pharmacy - old rough lane - kirkby 2000027173","ROWLANDS PHARMACY","0","[]","[]","[]","false","2025-07-24T13:07:42.845Z","ROWLANDS PHARMACY","FPM61","rowlands pharmacy fpm61 rowlands pharmacy pharm+: rowlands pharmacy - old rough lane - kirkby 2000027173"
"6c8349be-ef16-49c5-a258-0e2f0994c6da","false","""pharm+: market harborough medical services, 67 coventry road, le16 9bx 2000065363""","MARKET HARBOROUGH PHARMACY","0","[]","[]","[]","false","2025-07-24T13:07:42.844Z","MARKET HARBOROUGH PHARMACY","FVF37","""market harborough pharmacy fvf37 market harborough pharmacy pharm+: market harborough medical services, 67 coventry road, le16 9bx 2000065363"""
"70f76be2-7509-4ea7-8e10-a793bddacca6","false","pharm+: everest pharmacy delph 2000164496","EVEREST PHARMACY - DELPH","0","[]","[]","[]","false","2025-07-24T13:07:42.859Z","EVEREST PHARMACY - DELPH","FR284","everest pharmacy - delph fr284 everest pharmacy - delph pharm+: everest pharmacy delph 2000164496"
"1edec2a8-b526-45b4-915f-f5740dacf005","false","pharm+: park view pharmacy 2000106092","PARK VIEW PHARMACY","0","[]","[]","[]","false","2025-07-24T13:07:42.859Z","PARK VIEW PHARMACY","FR039","park view pharmacy fr039 park view pharmacy pharm+: park view pharmacy 2000106092"
"2cbc03f1-5187-4e85-b2a8-98f3a95db1b4","false","""pharm+: brutons pharmacy, bilston 2000137310""","BRUTONS PHARMACY (BILSTON)","0","[]","[]","[]","false","2025-07-24T13:07:42.840Z","BRUTONS PHARMACY (BILSTON)","FAA92","""brutons pharmacy (bilston) faa92 brutons pharmacy (bilston) pharm+: brutons pharmacy, bilston 2000137310"""
"ffb462eb-136a-40af-91dd-152912494ef4","false","""pharm+: sumer pharmacy, central london 2000082423""","SUMER PHARMACY","0","[]","[]","[]","false","2025-07-24T13:07:42.835Z","SUMER PHARMACY","FE354","""sumer pharmacy fe354 sumer pharmacy pharm+: sumer pharmacy, central london 2000082423"""
"6c8db810-e605-468b-9a32-e1f57a84a30f","false","""pharm+: muswell hill pharmacy, haringey, london 2000023275""","MUSWELL HILL PHARMACY","0","[]","[]","[]","false","2025-07-24T13:07:42.835Z","MUSWELL HILL PHARMACY","FNP72","""muswell hill pharmacy fnp72 muswell hill pharmacy pharm+: muswell hill pharmacy, haringey, london 2000023275"""
"d38a9300-6510-4a5b-97bd-17470415b913","false","pharm+: springs pharmacy - clowne derbyshire 2000020161","PEAK PHARMACY","0","[]","[]","[]","false","2025-07-24T13:07:42.846Z","PEAK PHARMACY","FE155","peak pharmacy fe155 peak pharmacy pharm+: springs pharmacy - clowne derbyshire 2000020161"
"302f3ebe-40d9-4331-a66c-0e56355978a4","false","""pharm+: the learning pharmacy, barnet, london 2000023188""","I WARMAN FREED","0","[]","[]","[]","false","2025-07-24T13:07:42.856Z","I WARMAN FREED","FPN49","""i warman freed fpn49 i warman freed pharm+: the learning pharmacy, barnet, london 2000023188"""
"1c82d54a-c866-43a7-bb8b-566376283c31","false","""pharm+: tesco, hamble lane, bursledon 2000038709""","TESCO INSTORE PHARMACY","0","[]","[]","[]","false","2025-07-24T13:07:42.855Z","TESCO INSTORE PHARMACY","FH482","""tesco instore pharmacy fh482 tesco instore pharmacy pharm+: tesco, hamble lane, bursledon 2000038709"""
"83f10541-57e3-46e9-9d21-43546ffeb864","false","pharm+: harborough field pharmacy (rushden) - northants 2000019666","HARBOROUGH FIELD PHARMACY","0","[]","[]","[]","false","2025-07-24T13:07:42.842Z","HARBOROUGH FIELD PHARMACY","FN328","harborough field pharmacy fn328 harborough field pharmacy pharm+: harborough field pharmacy (rushden) - northants 2000019666"